{
  "2505.01681": 1,
  "2505.05893": 0,
  "2504.15634": 0,
  "2504.12089": 0,
  "2504.15508": 0,
  "2504.08526": 1,
  "2503.15080": 0,
  "2503.23280": 0,
  "2502.20632": 0,
  "2502.20050": 0,
  "2502.00508": 0,
  "2502.11326": 0,
  "2502.09943": 0,
  "2412.14341": 0,
  "2505.10559": 1,
  "2412.07815": 0,
  "2505.10556": 1,
  "2505.10545": 0,
  "2505.10536": 1,
  "2505.10533": 1,
  "2505.10518": 1,
  "2505.10526": 1,
  "2505.10522": 1,
  "2505.10511": 1,
  "2505.10505": 0,
  "2505.10515": 1,
  "2505.10495": 1,
  "2505.10498": 1,
  "2505.10500": 1,
  "2505.10484": 1
}